cluster,organize,person,x,y
0,"12,19","1,9,14",0.122957305,0.231004976
1,"1,24,12","13,14,46",-0.019615723,-0.200452982
2,"35,12","20,36,41,47,48",-0.215240713,0.652775677
3,"8,19,2,44","6,8,10,42",-0.383230465,-0.559419179
4,"38,12","1,9,27,37",-0.262464766,0.343385786
5,"9,12,2,25","29,31,33",-0.670431329,-0.020719982
6,"20,19","1,16,28",0.527820847,0.329410155
7,"0,19,24,37,30","14,28,45",0.576611849,-0.128168992
8,"27,19,18,14,15,28","24,39,40",0.323592994,-0.647815457
