cluster,map,person,x,y
1,"3,19","0,13,47",1.875110562,0.570114287
2,"44,14","12,39,43",-0.044154036,1.714845502
3,"22,18","7,25,31",1.114189095,0.488591797
4,"37,14","9,10,33,45",1.284689209,0.932300511
5,"28,18","14,25,32",0.288606275,1.272901311
