cluster,map,person,x,y
1,"7,15,44,28,1","9,13,14,2",-0.340784424,-0.304264565
2,"18,12,1,48,36,15,3,7","9,13,17,18",0.636442612,-0.527552435
3,"6,3,38","20,36,41,47,48",-0.527552435,-0.61359974
4,"13,9,7,1","7,15,24",0.367742839,0.057637727
5,"15,8,4,1","1,13,14,27",-0.278575836,-0.162268187
6,"24,20,18,32,18,25,6","23,25,26,43",0.844064888,-0.400034473
7,"41,44,28","6,8,10,42",-0.400034473,0.636442612
