cluster,organize,map,x,y
1,"15,18,48","9,31",-0.454996723,0.411392231
2,"2,39,46","44,32",0.523976304,0.572663829
3,"24,37,38","39,41",0.695301543,1.530472095
4,"6,15,40","36,21",0.334777301,0.728215888
5,"4,21,35","35,16",1.435873792,1.39127082
6,"6,19,32","22,21",1.503334036,0.767488553
7,"3,15,37","19,41",-0.280319785,1.048898517
8,"4,10,11","15,18",1.385960722,0.994170218
9,"2,6,17","1,45",1.085930621,1.773305123
10,"14,21,29","0,45",0.655573558,1.105214535
