cluster,organize,map,x,y
1,"5,19,26","49,7",1.761721757,-0.380150639
2,"0,28,47","29,31",1.478868865,1.060669088
3,"14,24,43","27,7",1.258932163,0.728892085
4,"14,41,46","27,25",1.517575475,0.964387395
5,"14,26,43","24,7",0.954714932,0.40299777
6,"20,26,28","23,35",0.609245267,1.657349617
7,"0,27,31","16,29",0.93321822,0.259145534
8,"9,24,28,33","12,31",1.345190517,1.214599606
