cluster,organize,map,x,y
1,"1,2","3,4",-0.019615723,-0.200452982
2,"5,6","7,8",-0.215240713,0.652775677
