,cluster,organize,map,x,y
1,1,"21,27,35,36,37,45","9,7",1.459877185,-0.340523215
2,2,"10,13,16,18,34,41","6,40",0.295608692,0.440664187
3,3,"23,41,42,45,46,49","38,42",0.920510845,1.015688678
4,4,"1,9,15,23,41,42","38,0",0.004875083,1.195985186
5,5,"5,9,23,38,42,49","3,38",-0.335927737,1.773267443
6,6,"13,21,29,31,43,47","27,5",1.449104098,0.989201364
7,7,"10,16,23,34,37,41","24,40",0.388291069,-0.010875775
8,8,"8,9,27,32,39,41","20,31",1.274723937,1.418011588
